model,cv_rmse,mean_abs_error_log,max_abs_error_log,test_min_price,test_max_price
elastic_net,0.10942479680436396,0.07566281491216503,0.7855799486433259,41983.92256261978,938353.8423051543
lasso,0.10960304930837686,0.07575267804458766,0.7820567333312933,41782.269566872645,929150.2089480787
svr,0.1102031928928587,0.07221897504993391,0.9024012401911019,51810.49806264374,1005756.3559791581
ridge,0.11047797180399385,0.07639994347253803,0.7764995274669566,47384.85580902659,911084.7146239666
kernel_ridge,0.11152257031465726,0.07602216334610032,0.8403556910403296,48760.40112095868,1099429.1460222178
catboost,0.11252221534360793,0.07692798039812455,0.7795654050210477,39650.49873373747,656670.824571771
xgboost,0.11290832947731487,0.07717569005283748,0.766795642292962,38906.81706870881,659557.9351744034
gbr,0.11751565124348773,0.07941707227363401,0.8591746361709056,44666.993488183776,672159.8439082463
lightgbm,0.118408887945787,0.07987682972471695,0.8415048642296199,45148.2559207749,664950.3609641225
